Greedy,Simulated Annealing,Genetic Algorithm,PSO,ACO,CSP
80.02954758904983,84.99680443970324,86.91619532943943,85.23232,81.33236,78.9214
76.85614416813655,84.11115814330356,84.65495569199106,81.3634,82.61308,76.93252
83.57617629200887,80.62819038034121,86.65604075159902,83.66016,84.92928,81.5834
78.34270683533838,80.54206754613752,82.9526463642989,83.0146,80.46148,75.48788
78.66939279091417,84.79695811071193,86.98054446417713,84.88688,83.53880000000001,77.1934
77.11646854229443,80.75015360009175,84.15775389100216,82.19219999999999,81.06444,75.65848
78.9881064840731,82.05922417302531,86.13868457043185,82.3286,82.31371999999999,77.01111999999999
74.90686485642335,83.59380101909174,86.33911746262149,82.93832,80.60379999999999,73.55087999999999
75.09429745740078,78.12820717106227,82.3737136629815,80.63235999999999,80.34076000000002,74.47628
76.34899077023358,81.93973556726776,84.54957134472129,83.08156,83.2242,75.71672000000001
80.05602723512894,83.05931697465246,85.34559895706808,85.67304,82.03932,79.29216000000001
80.46522560041765,82.37914947332843,85.94105980562719,85.14452,82.23024,77.35136
75.25289370453582,80.50983934291668,84.36331861630457,81.40592,79.9224,72.64964
79.45062490362083,83.16010414381356,84.84198312629103,84.59924000000001,82.19127999999999,77.22292
76.10337111748525,83.22191595133589,86.72897697009567,82.98168,81.37527999999999,74.56528
78.9861792086573,82.46594207895319,86.65906243559004,83.12544,81.30096,79.01616
81.67497054984783,84.14044177793335,87.55835825737424,83.60336,84.88516,76.82492
76.304477594014,82.09155251702384,85.67558562317143,83.53992,81.79092,74.67168
78.24952552633208,83.53588330992068,85.52871107526704,84.09924,81.3174,75.67312
77.01795622462267,82.37950094983455,87.5368751921925,83.96152,82.85932,76.3896
82.4395859053304,80.08505790294035,83.61495477459724,83.00188,82.65128,80.12084
78.68801872962081,81.97307986154595,85.5140327047878,84.0318,82.9984,76.74436
77.69815720780328,82.3014892364658,86.10554217220145,82.4506,82.97264000000001,74.89124000000001
81.41831847899726,83.97904260600198,87.67035381827453,84.8682,83.83156,79.76852
80.48629054224313,84.26237742909436,86.49415631907803,85.51256,80.74968,76.49944
75.46448274379212,84.73675733726445,87.23706562232647,84.33207999999999,81.57172,74.68683999999999
78.13312060560062,83.89674658052016,86.33520975877673,85.22532,82.89364,75.33564
78.38807378079417,82.93165376983977,84.75213952081262,83.62400000000001,83.55944,77.77436
77.27859334708417,80.21587032004672,83.7629746524692,81.77616,80.9944,73.21072
79.24425165410028,82.56759721884822,87.84233480649479,84.79823999999999,83.64112,74.60976
75.79653622121263,79.4239818407326,84.68173032997508,80.80355999999999,81.49764,73.81888000000001
81.10522108738327,82.8114834997367,86.19288309566093,85.7438,85.1608,80.19268
74.59365869479605,82.30850848513836,86.01772483617428,83.51024,80.8096,74.22384
77.11731755104134,83.37864160531848,84.91653730609116,82.82132,83.87892,75.80556000000001
78.45940349484796,79.04311924610748,85.11092169560933,84.75396,79.86456,76.01140000000001
74.20013766640966,82.43220366142737,83.56797691879405,83.9034,80.99752000000001,73.82012
76.63728528533512,81.50625036854184,85.19118751801214,83.73744,80.01744,75.50788
79.22256634884806,82.37564771172106,84.89091992570316,84.11868,81.67276,78.21603999999999
79.7002960481149,84.17518205589765,86.54553281418097,85.39788,82.12331999999999,78.25728000000001
80.83003908429612,80.96337945550866,85.2111095078514,82.20908,83.8338,79.81696000000001
75.98972033370201,82.06113862605187,84.32344921516054,84.88723999999999,82.06792,73.71372000000001
73.3910479247737,79.4411113607455,84.41788673807652,80.41452,81.6194,72.33203999999999
79.31521034874544,82.64995792662961,87.61094735094991,84.99584000000002,85.79284,77.88727999999999
76.26141852018945,82.86413800137912,86.48992607435416,84.39920000000001,83.06103999999999,75.04939999999999
76.46256802369531,82.24645099562879,83.9903177592656,85.24208,83.04227999999999,73.16748
79.5208737300961,80.19549948773815,85.73253921330462,85.24528000000001,83.49408,78.06572
81.7176525280386,79.51919857049522,86.96963767470845,83.11448,85.00196,78.25408
78.59892574692907,82.40745353204164,86.91556082939644,85.64880000000001,81.57736,76.56492
79.86525188646648,82.80303284662172,85.06681901690992,81.11731999999999,81.53316000000001,77.10896
Greedy,Simulated Annealing,Genetic Algorithm,PSO,ACO,CSP
62,79,78,79,62,62
52,74,74,77,61,55
70,83,77,84,70,69
53,67,71,73,53,51
57,79,79,79,63,57
50,74,72,77,59,50
57,73,77,78,63,57
44,72,75,75,51,44
50,61,62,69,53,50
52,74,75,75,67,54
59,76,80,82,62,61
61,82,77,82,64,58
50,70,68,71,52,49
61,77,77,78,62,60
51,79,76,79,61,50
53,73,76,77,52,57
64,77,79,81,69,62
48,72,73,74,62,51
53,75,74,77,59,52
58,82,78,84,62,55
68,75,78,78,66,66
54,74,77,78,64,55
50,66,77,77,63,48
67,74,82,83,70,66
61,82,79,82,57,51
47,82,82,83,60,57
52,78,79,81,64,50
56,70,75,79,63,58
52,73,69,74,60,51
59,74,79,80,68,57
53,66,71,72,55,53
61,76,75,78,69,65
49,77,77,79,61,51
52,74,74,77,68,53
57,72,77,79,58,54
49,68,69,72,58,52
44,71,77,80,52,45
58,78,77,80,62,59
54,75,75,81,56,54
60,73,80,81,67,64
53,76,74,77,62,54
42,67,69,71,64,42
63,78,75,80,69,62
50,74,78,80,66,50
50,77,77,77,62,50
59,77,72,78,62,58
71,76,79,81,75,67
59,73,80,81,62,59
53,72,71,79,58,53
Greedy,Simulated Annealing,Genetic Algorithm,PSO,ACO,CSP
38,21,22,21,38,38
48,26,26,23,39,45
30,17,23,16,30,31
47,33,29,27,47,49
43,21,21,21,37,43
50,26,28,23,41,50
43,27,23,22,37,43
56,28,25,25,49,56
50,39,38,31,47,50
48,26,25,25,33,46
41,24,20,18,38,39
39,18,23,18,36,42
50,30,32,29,48,51
39,23,23,22,38,40
49,21,24,21,39,50
47,27,24,23,48,43
36,23,21,19,31,38
52,28,27,26,38,49
47,25,26,23,41,48
42,18,22,16,38,45
32,25,22,22,34,34
46,26,23,22,36,45
50,34,23,23,37,52
33,26,18,17,30,34
39,18,21,18,43,49
53,18,18,17,40,43
48,22,21,19,36,50
44,30,25,21,37,42
48,27,31,26,40,49
41,26,21,20,32,43
47,34,29,28,45,47
39,24,25,22,31,35
51,23,23,21,39,49
48,26,26,23,32,47
43,28,23,21,42,46
51,32,31,28,42,48
56,29,23,20,48,55
42,22,23,20,38,41
46,25,25,19,44,46
40,27,20,19,33,36
47,24,26,23,38,46
58,33,31,29,36,58
37,22,25,20,31,38
50,26,22,20,34,50
50,23,23,23,38,50
41,23,28,22,38,42
29,24,21,19,25,33
41,27,20,19,38,41
47,28,29,21,42,47
Greedy,Simulated Annealing,Genetic Algorithm,PSO,ACO,CSP
83.55386897262454,81.45201109925809,86.2954883235986,81.3358,85.1759,83.8285
83.9978604203414,82.13289535825888,83.23738922997765,73.5535,90.0952,85.3513
86.32294073002217,68.89547595085304,85.84010187899757,73.8204,88.9257,85.226
86.00426708834593,81.05516886534379,81.98161591074724,82.549,89.9062,83.1872
83.39348197728546,80.61489527677983,85.28636116044282,80.3222,90.7145,83.3935
84.06367135573605,74.91538400022935,82.90938472750537,74.6355,86.5986,84.0637
84.31026621018277,79.72556043256326,85.87421142607964,75.629,87.1568,84.3103
84.94466214105836,83.85450254772937,86.54029365655371,78.1208,90.727,84.9447
83.65824364350198,79.83551792765566,87.06678415745375,77.4409,88.7794,83.6582
83.27747692558397,78.78933891816938,82.67392836180322,82.1164,87.7905,83.5793
84.62506808782236,79.64579243663117,81.4239973926702,79.9476,85.5183,84.0879
85.43056400104415,74.42787368332108,85.53014951406797,79.7813,86.8881,83.9534
81.75223426133955,77.5620983572917,87.8857965407614,80.2298,88.7685,79.0091
83.25406225905209,78.14276035953388,80.47245781572757,81.0881,87.0232,82.5298
83.92342779371313,78.3722898783397,87.07244242523919,78.2667,87.8857,83.2957
89.22544802164325,79.30235519738301,87.85765608897513,79.3386,91.2624,89.2254
83.98492637461958,80.69860444483339,86.44589564343558,76.1909,88.4029,81.3323
83.27119398503501,79.8588812925596,87.1014640579286,81.3798,88.0098,81.5217
83.61881381583018,81.21970827480169,86.92927768816759,79.9281,88.251,82.6003
83.98989056155666,73.37875237458637,87.56968798048123,75.3463,87.9658,84.054
84.29896476332598,75.18764475735085,77.3973869364931,76.9447,86.9282,83.6471
84.30254682405202,77.4401996538649,82.4375817619695,79.5345,87.871,82.6609
84.7828930195082,84.20122309116451,84.47885543050364,76.4215,88.0541,83.6456
84.76829619749317,82.82260651500496,84.91088454568636,78.2055,86.0689,83.5763
86.6307263556078,77.9509435727359,85.00039079769505,80.4014,87.5817,86.6311
81.07370685948031,78.97939334316112,83.61766405581618,77.5852,87.8968,77.9896
84.31780151400157,80.24686645130042,83.97302439694182,80.2008,88.0741,82.6716
83.66518445198545,83.57163442459942,83.09784880203155,78.95,91.0436,84.2084
82.90898336771045,73.58717580011678,85.79243663117299,77.5404,86.2285,79.6393
82.52812913525071,80.46399304712054,87.41083701623697,80.1381,86.8978,77.6469
78.85884055303156,77.26245460183146,85.02182582493772,75.1689,90.5616,79.7272
86.06305271845818,79.11620874934175,86.68470773915234,84.7745,89.707,86.0917
80.29164673699013,77.12377121284592,84.52931209043571,78.3731,84.8665,81.2271
84.38079387760337,80.43660401329618,83.66634326522791,77.1608,85.6098,82.5339
85.38850873711989,75.27529811526873,82.41980423902334,80.1474,86.2614,84.616
78.11534416602413,82.4805091535684,84.12744229698512,84.396,87.5488,79.8053
87.56071321333782,79.3181259213546,82.52296879503038,81.2736,89.1861,88.5022
85.70641587212013,76.68411927930266,81.81729981425792,80.5167,86.3794,85.3201
87.46324012028724,83.67295513974412,87.39383203545245,80.4447,90.7458,87.4632
85.1275977107403,77.27844863877166,80.48027376962852,75.7877,88.0095,84.3724
79.709300834255,76.14534656512969,83.93112303790134,82.5731,88.0798,77.7168
79.38511981193427,75.67027840186375,85.7797168451913,75.5013,83.951,79.3851
82.84052587186362,75.92989481657405,90.29736837737478,80.2121,90.7621,82.6232
83.10354630047362,80.05034500344777,84.2548151858854,78.7505,86.7226,83.1035
83.38142005923828,77.081127489072,79.74579439816401,85.1777,89.4207,80.1162
84.63718432524026,70.44624871934539,87.38634803326157,81.7507,88.9827,84.5768
82.34413132009651,70.58549642623807,84.97409418677113,73.9412,84.8549,79.3777
81.28231436732267,80.2736338301041,84.74140207349109,81.3645,87.7459,80.7723
88.57312971616619,80.93258211655429,86.7945475422748,71.4908,88.6029,87.0824
